ticker,period,period_role,ratio_key,ratio_label,value,formula,components,notes,availability_reason,chart_meaningful,chart_note
NVDA,2008-01-27,historical,gross_margin,Gross Margin,0.4561600445110375,gross_profit / revenue,gross_profit=1869280000;revenue=4097860000,Historical ratio series computed from canonical annual values.,derived,true,
NVDA,2008-01-27,historical,operating_margin,Operating Margin,0.20409335604437437,operating_income / revenue,operating_income=836346000;revenue=4097860000,Historical ratio series computed from canonical annual values.,derived,true,
NVDA,2008-01-27,historical,net_margin,Net Margin,0.19464915834118296,net_income / revenue,net_income=797645000;revenue=4097860000,Historical ratio series computed from canonical annual values.,derived,true,
NVDA,2008-01-27,historical,roe,Return on Equity,0.34494017186790177,net_income / equity_basis,net_income=797645000;equity_basis=2312415500,Historical ratio series computed from canonical annual values.,derived,true,
NVDA,2009-01-25,historical,gross_margin,Gross Margin,0.34286637785672347,gross_profit / revenue,gross_profit=1174269000;revenue=3424859000,Historical ratio series computed from canonical annual values.,derived,true,
NVDA,2009-01-25,historical,operating_margin,Operating Margin,-0.020643185602677364,operating_income / revenue,operating_income=-70700000;revenue=3424859000,Historical ratio series computed from canonical annual values.,derived,true,
NVDA,2009-01-25,historical,net_margin,Net Margin,-0.008771455992786857,net_income / revenue,net_income=-30041000;revenue=3424859000,Historical ratio series computed from canonical annual values.,derived,true,
NVDA,2009-01-25,historical,roe,Return on Equity,-0.011986280873421268,net_income / equity_basis,net_income=-30041000;equity_basis=2506282000,Historical ratio series computed from canonical annual values.,derived,true,
NVDA,2009-01-25,historical,current_ratio,Current Ratio,2.7844632162457565,current_assets / current_liabilities,current_assets=2167958000;current_liabilities=778591000,Historical ratio series computed from canonical annual values.,derived,true,
NVDA,2009-01-25,historical,quick_ratio,Quick Ratio,2.0936846174692487,(current_assets - inventory) / current_liabilities,current_assets=2167958000;inventory=537834000;current_liabilities=778591000,Historical ratio series computed from canonical annual values.,derived,true,
NVDA,2009-04-26,historical,gross_margin,Gross Margin,0.28558739354230683,gross_profit / revenue,gross_profit=189696000;revenue=664231000,Historical ratio series computed from canonical annual values.,derived,true,
NVDA,2009-04-26,historical,net_margin,Net Margin,-0.30311442856476134,net_income / revenue,net_income=-201338000;revenue=664231000,Historical ratio series computed from canonical annual values.,derived,true,
NVDA,2009-07-26,historical,gross_margin,Gross Margin,0.2018273837119456,gross_profit / revenue,gross_profit=156723000;revenue=776520000,Historical ratio series computed from canonical annual values.,derived,true,
NVDA,2009-07-26,historical,net_margin,Net Margin,-0.13560758254777727,net_income / revenue,net_income=-105302000;revenue=776520000,Historical ratio series computed from canonical annual values.,derived,true,
NVDA,2009-10-25,historical,gross_margin,Gross Margin,0.43376926194024396,gross_profit / revenue,gross_profit=391783000;revenue=903206000,Historical ratio series computed from canonical annual values.,derived,true,
NVDA,2009-10-25,historical,net_margin,Net Margin,0.11910571896112293,net_income / revenue,net_income=107577000;revenue=903206000,Historical ratio series computed from canonical annual values.,derived,true,
NVDA,2010-01-31,historical,gross_margin,Gross Margin,0.3538080443235947,gross_profit / revenue,gross_profit=1176923000;revenue=3326445000,Historical ratio series computed from canonical annual values.,derived,true,
NVDA,2010-01-31,historical,operating_margin,Operating Margin,-0.02974496797632307,operating_income / revenue,operating_income=-98945000;revenue=3326445000,Historical ratio series computed from canonical annual values.,derived,true,
NVDA,2010-01-31,historical,net_margin,Net Margin,-0.020438335820974044,net_income / revenue,net_income=-67987000;revenue=3326445000,Historical ratio series computed from canonical annual values.,derived,true,
NVDA,2010-01-31,historical,current_ratio,Current Ratio,3.1627990586171464,current_assets / current_liabilities,current_assets=2480830000;current_liabilities=784378000,Historical ratio series computed from canonical annual values.,derived,true,
NVDA,2010-01-31,historical,quick_ratio,Quick Ratio,2.7412242566721656,(current_assets - inventory) / current_liabilities,current_assets=2480830000;inventory=330674000;current_liabilities=784378000,Historical ratio series computed from canonical annual values.,derived,true,
NVDA,2010-05-02,historical,gross_margin,Gross Margin,0.4555510858812972,gross_profit / revenue,gross_profit=456377000;revenue=1001813000,Historical ratio series computed from canonical annual values.,derived,true,
NVDA,2010-05-02,historical,net_margin,Net Margin,0.13734499352673601,net_income / revenue,net_income=137594000;revenue=1001813000,Historical ratio series computed from canonical annual values.,derived,true,
NVDA,2010-07-31,historical,gross_margin,Gross Margin,0.16554570467746865,gross_profit / revenue,gross_profit=134292000;revenue=811208000,Historical ratio series computed from canonical annual values.,derived,true,
NVDA,2010-07-31,historical,net_margin,Net Margin,-0.17376677744795416,net_income / revenue,net_income=-140961000;revenue=811208000,Historical ratio series computed from canonical annual values.,derived,true,
NVDA,2010-08-01,historical,gross_margin,Gross Margin,0.16554570467746865,gross_profit / revenue,gross_profit=134292000;revenue=811208000,Historical ratio series computed from canonical annual values.,derived,true,
NVDA,2010-08-01,historical,net_margin,Net Margin,-0.17376677744795416,net_income / revenue,net_income=-140961000;revenue=811208000,Historical ratio series computed from canonical annual values.,derived,true,
NVDA,2010-10-31,historical,gross_margin,Gross Margin,0.46457687531401376,gross_profit / revenue,gross_profit=392062000;revenue=843912000,Historical ratio series computed from canonical annual values.,derived,true,
NVDA,2010-10-31,historical,net_margin,Net Margin,0.10055787807259525,net_income / revenue,net_income=84862000;revenue=843912000,Historical ratio series computed from canonical annual values.,derived,true,
NVDA,2011-01-30,historical,gross_margin,Gross Margin,0.39767629636591106,gross_profit / revenue,gross_profit=1409090000;revenue=3543309000,Historical ratio series computed from canonical annual values.,derived,true,
NVDA,2011-01-30,historical,operating_margin,Operating Margin,0.07217744769084491,operating_income / revenue,operating_income=255747000;revenue=3543309000,Historical ratio series computed from canonical annual values.,derived,true,
NVDA,2011-01-30,historical,net_margin,Net Margin,0.0714433880872371,net_income / revenue,net_income=253146000;revenue=3543309000,Historical ratio series computed from canonical annual values.,derived,true,
NVDA,2011-01-30,historical,current_ratio,Current Ratio,3.42315860491661,current_assets / current_liabilities,current_assets=3226950000;current_liabilities=942682000,Historical ratio series computed from canonical annual values.,derived,true,
NVDA,2011-01-30,historical,quick_ratio,Quick Ratio,3.0566246093592535,(current_assets - inventory) / current_liabilities,current_assets=3226950000;inventory=345525000;current_liabilities=942682000,Historical ratio series computed from canonical annual values.,derived,true,
NVDA,2011-05-01,historical,gross_margin,Gross Margin,0.5036209550756259,gross_profit / revenue,gross_profit=484503000;revenue=962039000,Historical ratio series computed from canonical annual values.,derived,true,
NVDA,2011-05-01,historical,net_margin,Net Margin,0.14055459290111938,net_income / revenue,net_income=135219000;revenue=962039000,Historical ratio series computed from canonical annual values.,derived,true,
NVDA,2011-07-31,historical,gross_margin,Gross Margin,0.5167488590943388,gross_profit / revenue,gross_profit=525284000;revenue=1016517000,Historical ratio series computed from canonical annual values.,derived,true,
NVDA,2011-07-31,historical,net_margin,Net Margin,0.14911014769059444,net_income / revenue,net_income=151573000;revenue=1016517000,Historical ratio series computed from canonical annual values.,derived,true,
NVDA,2011-10-30,historical,gross_margin,Gross Margin,0.5221604231930819,gross_profit / revenue,gross_profit=556717000;revenue=1066180000,Historical ratio series computed from canonical annual values.,derived,true,
NVDA,2011-10-30,historical,net_margin,Net Margin,0.16720722579676978,net_income / revenue,net_income=178273000;revenue=1066180000,Historical ratio series computed from canonical annual values.,derived,true,
NVDA,2012-01-29,historical,gross_margin,Gross Margin,0.5143954496451913,gross_profit / revenue,gross_profit=2056517000;revenue=3997930000,Historical ratio series computed from canonical annual values.,derived,true,
NVDA,2012-01-29,historical,operating_margin,Operating Margin,0.16215866711022955,operating_income / revenue,operating_income=648299000;revenue=3997930000,Historical ratio series computed from canonical annual values.,derived,true,
NVDA,2012-01-29,historical,net_margin,Net Margin,0.14534771744377714,net_income / revenue,net_income=581090000;revenue=3997930000,Historical ratio series computed from canonical annual values.,derived,true,
NVDA,2012-01-29,historical,current_ratio,Current Ratio,4.199499332227907,current_assets / current_liabilities,current_assets=3905358000;current_liabilities=929958000,Historical ratio series computed from canonical annual values.,derived,true,
NVDA,2012-01-29,historical,quick_ratio,Quick Ratio,3.8335720537916766,(current_assets - inventory) / current_liabilities,current_assets=3905358000;inventory=340297000;current_liabilities=929958000,Historical ratio series computed from canonical annual values.,derived,true,
NVDA,2012-04-29,historical,gross_margin,Gross Margin,0.5010006736030845,gross_profit / revenue,gross_profit=463364000;revenue=924877000,Historical ratio series computed from canonical annual values.,derived,true,
NVDA,2012-04-29,historical,net_margin,Net Margin,0.06534598654740036,net_income / revenue,net_income=60437000;revenue=924877000,Historical ratio series computed from canonical annual values.,derived,true,
NVDA,2012-07-29,historical,gross_margin,Gross Margin,0.5177961638273627,gross_profit / revenue,gross_profit=540719000;revenue=1044270000,Historical ratio series computed from canonical annual values.,derived,true,
NVDA,2012-07-29,historical,net_margin,Net Margin,0.11399925306673561,net_income / revenue,net_income=119046000;revenue=1044270000,Historical ratio series computed from canonical annual values.,derived,true,
NVDA,2012-10-28,historical,gross_margin,Gross Margin,0.52873740771192,gross_profit / revenue,gross_profit=636658000;revenue=1204110000,Historical ratio series computed from canonical annual values.,derived,true,
NVDA,2012-10-28,historical,net_margin,Net Margin,0.1736386210562158,net_income / revenue,net_income=209080000;revenue=1204110000,Historical ratio series computed from canonical annual values.,derived,true,
NVDA,2013-01-27,historical,gross_margin,Gross Margin,0.5201542746426009,gross_profit / revenue,gross_profit=2226343000;revenue=4280159000,Historical ratio series computed from canonical annual values.,derived,true,
NVDA,2013-01-27,historical,operating_margin,Operating Margin,0.15145208390622872,operating_income / revenue,operating_income=648239000;revenue=4280159000,Historical ratio series computed from canonical annual values.,derived,true,
NVDA,2013-01-27,historical,net_margin,Net Margin,0.13142876234270737,net_income / revenue,net_income=562536000;revenue=4280159000,Historical ratio series computed from canonical annual values.,derived,true,
NVDA,2013-01-27,historical,current_ratio,Current Ratio,4.891564734696888,current_assets / current_liabilities,current_assets=4775258000;current_liabilities=976223000,Historical ratio series computed from canonical annual values.,derived,true,
NVDA,2013-01-27,historical,quick_ratio,Quick Ratio,4.469051640864843,(current_assets - inventory) / current_liabilities,current_assets=4775258000;inventory=412467000;current_liabilities=976223000,Historical ratio series computed from canonical annual values.,derived,true,
NVDA,2013-01-27,historical,de,Debt-to-Equity,0,total_debt / stockholders_equity,total_debt=0;stockholders_equity=4827000000,Historical ratio series computed from canonical annual values.,derived,true,
NVDA,2013-04-28,historical,gross_margin,Gross Margin,0.5431515838360013,gross_profit / revenue,gross_profit=518568000;revenue=954739000,Historical ratio series computed from canonical annual values.,derived,true,
NVDA,2013-04-28,historical,net_margin,Net Margin,0.08158355320145087,net_income / revenue,net_income=77891000;revenue=954739000,Historical ratio series computed from canonical annual values.,derived,true,
NVDA,2013-07-28,historical,gross_margin,Gross Margin,0.5582447673954554,gross_profit / revenue,gross_profit=545538000;revenue=977238000,Historical ratio series computed from canonical annual values.,derived,true,
NVDA,2013-07-28,historical,net_margin,Net Margin,0.09869448384119324,net_income / revenue,net_income=96448000;revenue=977238000,Historical ratio series computed from canonical annual values.,derived,true,
NVDA,2013-10-27,historical,gross_margin,Gross Margin,0.5544907952526028,gross_profit / revenue,gross_profit=584415000;revenue=1053967000,Historical ratio series computed from canonical annual values.,derived,true,
NVDA,2013-10-27,historical,net_margin,Net Margin,0.11265438101951959,net_income / revenue,net_income=118734000;revenue=1053967000,Historical ratio series computed from canonical annual values.,derived,true,
NVDA,2014-01-26,historical,gross_margin,Gross Margin,0.5491525423728814,gross_profit / revenue,gross_profit=2268000000;revenue=4130000000,Historical ratio series computed from canonical annual values.,derived,true,
NVDA,2014-01-26,historical,operating_margin,Operating Margin,0.12009685230024213,operating_income / revenue,operating_income=496000000;revenue=4130000000,Historical ratio series computed from canonical annual values.,derived,true,
NVDA,2014-01-26,historical,net_margin,Net Margin,0.10653753026634383,net_income / revenue,net_income=440000000;revenue=4130000000,Historical ratio series computed from canonical annual values.,derived,true,
NVDA,2014-01-26,historical,current_ratio,Current Ratio,5.948952718996167,current_assets / current_liabilities,current_assets=5624711000;current_liabilities=945496000,Historical ratio series computed from canonical annual values.,derived,true,
NVDA,2014-01-26,historical,quick_ratio,Quick Ratio,5.538834643404097,(current_assets - inventory) / current_liabilities,current_assets=5624711000;inventory=387765000;current_liabilities=945496000,Historical ratio series computed from canonical annual values.,derived,true,
NVDA,2014-01-26,historical,de,Debt-to-Equity,0.3044612794612795,total_debt / stockholders_equity,total_debt=1356375000;stockholders_equity=4455000000,Historical ratio series computed from canonical annual values.,derived,true,
NVDA,2014-04-27,historical,gross_margin,Gross Margin,0.5475974614687217,gross_profit / revenue,gross_profit=604000000;revenue=1103000000,Historical ratio series computed from canonical annual values.,derived,true,
NVDA,2014-04-27,historical,net_margin,Net Margin,0.1242067089755213,net_income / revenue,net_income=137000000;revenue=1103000000,Historical ratio series computed from canonical annual values.,derived,true,
NVDA,2014-07-27,historical,gross_margin,Gross Margin,0.5611967361740707,gross_profit / revenue,gross_profit=619000000;revenue=1103000000,Historical ratio series computed from canonical annual values.,derived,true,
NVDA,2014-07-27,historical,net_margin,Net Margin,0.11604714415231188,net_income / revenue,net_income=128000000;revenue=1103000000,Historical ratio series computed from canonical annual values.,derived,true,
NVDA,2014-10-26,historical,gross_margin,Gross Margin,0.5526530612244898,gross_profit / revenue,gross_profit=677000000;revenue=1225000000,Historical ratio series computed from canonical annual values.,derived,true,
NVDA,2014-10-26,historical,net_margin,Net Margin,0.14122448979591837,net_income / revenue,net_income=173000000;revenue=1225000000,Historical ratio series computed from canonical annual values.,derived,true,
NVDA,2015-01-25,historical,gross_margin,Gross Margin,0.555104656129859,gross_profit / revenue,gross_profit=2599000000;revenue=4682000000,Historical ratio series computed from canonical annual values.,derived,true,
NVDA,2015-01-25,historical,operating_margin,Operating Margin,0.16211020931225972,operating_income / revenue,operating_income=759000000;revenue=4682000000,Historical ratio series computed from canonical annual values.,derived,true,
NVDA,2015-01-25,historical,net_margin,Net Margin,0.13477146518581803,net_income / revenue,net_income=631000000;revenue=4682000000,Historical ratio series computed from canonical annual values.,derived,true,
NVDA,2015-01-25,historical,current_ratio,Current Ratio,6.376116071428571,current_assets / current_liabilities,current_assets=5713000000;current_liabilities=896000000,Historical ratio series computed from canonical annual values.,derived,true,
NVDA,2015-01-25,historical,quick_ratio,Quick Ratio,5.837053571428571,(current_assets - inventory) / current_liabilities,current_assets=5713000000;inventory=483000000;current_liabilities=896000000,Historical ratio series computed from canonical annual values.,derived,true,
NVDA,2015-01-25,historical,de,Debt-to-Equity,0.31326392032593936,total_debt / stockholders_equity,total_debt=1384000000;stockholders_equity=4418000000,Historical ratio series computed from canonical annual values.,derived,true,
NVDA,2015-04-26,historical,gross_margin,Gross Margin,0.5673327541268463,gross_profit / revenue,gross_profit=653000000;revenue=1151000000,Historical ratio series computed from canonical annual values.,derived,true,
NVDA,2015-04-26,historical,net_margin,Net Margin,0.11642050390964379,net_income / revenue,net_income=134000000;revenue=1151000000,Historical ratio series computed from canonical annual values.,derived,true,
NVDA,2015-07-26,historical,gross_margin,Gross Margin,0.5498699045967043,gross_profit / revenue,gross_profit=634000000;revenue=1153000000,Historical ratio series computed from canonical annual values.,derived,true,
NVDA,2015-07-26,historical,net_margin,Net Margin,0.022549869904596703,net_income / revenue,net_income=26000000;revenue=1153000000,Historical ratio series computed from canonical annual values.,derived,true,
NVDA,2015-10-25,historical,gross_margin,Gross Margin,0.5616858237547893,gross_profit / revenue,gross_profit=733000000;revenue=1305000000,Historical ratio series computed from canonical annual values.,derived,true,
NVDA,2015-10-25,historical,net_margin,Net Margin,0.189272030651341,net_income / revenue,net_income=247000000;revenue=1305000000,Historical ratio series computed from canonical annual values.,derived,true,
NVDA,2016-01-31,historical,gross_margin,Gross Margin,0.5610778443113772,gross_profit / revenue,gross_profit=2811000000;revenue=5010000000,Historical ratio series computed from canonical annual values.,derived,true,
NVDA,2016-01-31,historical,operating_margin,Operating Margin,0.14910179640718563,operating_income / revenue,operating_income=747000000;revenue=5010000000,Historical ratio series computed from canonical annual values.,derived,true,
NVDA,2016-01-31,historical,net_margin,Net Margin,0.12255489021956088,net_income / revenue,net_income=614000000;revenue=5010000000,Historical ratio series computed from canonical annual values.,derived,true,
NVDA,2016-01-31,historical,current_ratio,Current Ratio,2.5746490854955337,current_assets / current_liabilities,current_assets=6053000000;current_liabilities=2351000000,Historical ratio series computed from canonical annual values.,derived,true,
NVDA,2016-01-31,historical,quick_ratio,Quick Ratio,2.396852403232667,(current_assets - inventory) / current_liabilities,current_assets=6053000000;inventory=418000000;current_liabilities=2351000000,Historical ratio series computed from canonical annual values.,derived,true,
NVDA,2016-01-31,historical,de,Debt-to-Equity,0,total_debt / stockholders_equity,total_debt=0;stockholders_equity=4469000000,Historical ratio series computed from canonical annual values.,derived,true,
NVDA,2016-05-01,historical,gross_margin,Gross Margin,0.5754789272030651,gross_profit / revenue,gross_profit=751000000;revenue=1305000000,Historical ratio series computed from canonical annual values.,derived,true,
NVDA,2016-05-01,historical,net_margin,Net Margin,0.15938697318007664,net_income / revenue,net_income=208000000;revenue=1305000000,Historical ratio series computed from canonical annual values.,derived,true,
NVDA,2016-07-31,historical,gross_margin,Gross Margin,0.5784313725490197,gross_profit / revenue,gross_profit=826000000;revenue=1428000000,Historical ratio series computed from canonical annual values.,derived,true,
NVDA,2016-07-31,historical,net_margin,Net Margin,0.18277310924369747,net_income / revenue,net_income=261000000;revenue=1428000000,Historical ratio series computed from canonical annual values.,derived,true,
NVDA,2016-10-30,historical,gross_margin,Gross Margin,0.5903193612774451,gross_profit / revenue,gross_profit=1183000000;revenue=2004000000,Historical ratio series computed from canonical annual values.,derived,true,
NVDA,2016-10-30,historical,net_margin,Net Margin,0.27045908183632733,net_income / revenue,net_income=542000000;revenue=2004000000,Historical ratio series computed from canonical annual values.,derived,true,
NVDA,2017-01-29,historical,gross_margin,Gross Margin,0.5879884225759768,gross_profit / revenue,gross_profit=4063000000;revenue=6910000000,Historical ratio series computed from canonical annual values.,derived,true,
NVDA,2017-01-29,historical,operating_margin,Operating Margin,0.27988422575976846,operating_income / revenue,operating_income=1934000000;revenue=6910000000,Historical ratio series computed from canonical annual values.,derived,true,
NVDA,2017-01-29,historical,net_margin,Net Margin,0.2410998552821997,net_income / revenue,net_income=1666000000;revenue=6910000000,Historical ratio series computed from canonical annual values.,derived,true,
NVDA,2017-01-29,historical,current_ratio,Current Ratio,4.774049217002237,current_assets / current_liabilities,current_assets=8536000000;current_liabilities=1788000000,Historical ratio series computed from canonical annual values.,derived,true,
NVDA,2017-01-29,historical,quick_ratio,Quick Ratio,4.329977628635347,(current_assets - inventory) / current_liabilities,current_assets=8536000000;inventory=794000000;current_liabilities=1788000000,Historical ratio series computed from canonical annual values.,derived,true,
NVDA,2017-01-29,historical,de,Debt-to-Equity,0.3441513363415481,total_debt / stockholders_equity,total_debt=1983000000;stockholders_equity=5762000000,Historical ratio series computed from canonical annual values.,derived,true,
NVDA,2017-04-30,historical,gross_margin,Gross Margin,0.5937016004130098,gross_profit / revenue,gross_profit=1150000000;revenue=1937000000,Historical ratio series computed from canonical annual values.,derived,true,
NVDA,2017-04-30,historical,net_margin,Net Margin,0.26174496644295303,net_income / revenue,net_income=507000000;revenue=1937000000,Historical ratio series computed from canonical annual values.,derived,true,
NVDA,2017-07-30,historical,gross_margin,Gross Margin,0.5838565022421525,gross_profit / revenue,gross_profit=1302000000;revenue=2230000000,Historical ratio series computed from canonical annual values.,derived,true,
NVDA,2017-07-30,historical,net_margin,Net Margin,0.26143497757847534,net_income / revenue,net_income=583000000;revenue=2230000000,Historical ratio series computed from canonical annual values.,derived,true,
NVDA,2017-10-29,historical,gross_margin,Gross Margin,0.5952200303490136,gross_profit / revenue,gross_profit=1569000000;revenue=2636000000,Historical ratio series computed from canonical annual values.,derived,true,
NVDA,2017-10-29,historical,net_margin,Net Margin,0.3179059180576631,net_income / revenue,net_income=838000000;revenue=2636000000,Historical ratio series computed from canonical annual values.,derived,true,
NVDA,2018-01-28,historical,gross_margin,Gross Margin,0.5993411570928556,gross_profit / revenue,gross_profit=5822000000;revenue=9714000000,Historical ratio series computed from canonical annual values.,derived,true,
NVDA,2018-01-28,historical,operating_margin,Operating Margin,0.3304508956145769,operating_income / revenue,operating_income=3210000000;revenue=9714000000,Historical ratio series computed from canonical annual values.,derived,true,
NVDA,2018-01-28,historical,net_margin,Net Margin,0.3136709903232448,net_income / revenue,net_income=3047000000;revenue=9714000000,Historical ratio series computed from canonical annual values.,derived,true,
NVDA,2018-01-28,historical,current_ratio,Current Ratio,8.026886383347788,current_assets / current_liabilities,current_assets=9255000000;current_liabilities=1153000000,Historical ratio series computed from canonical annual values.,derived,true,
NVDA,2018-01-28,historical,quick_ratio,Quick Ratio,7.336513443191674,(current_assets - inventory) / current_liabilities,current_assets=9255000000;inventory=796000000;current_liabilities=1153000000,Historical ratio series computed from canonical annual values.,derived,true,
NVDA,2018-01-28,historical,de,Debt-to-Equity,0.26569401686521216,total_debt / stockholders_equity,total_debt=1985000000;stockholders_equity=7471000000,Historical ratio series computed from canonical annual values.,derived,true,
NVDA,2019-01-27,historical,current_ratio,Current Ratio,7.943566591422122,current_assets / current_liabilities,current_assets=10557000000;current_liabilities=1329000000,Historical ratio series computed from canonical annual values.,derived,true,
NVDA,2019-01-27,historical,quick_ratio,Quick Ratio,6.758465011286682,(current_assets - inventory) / current_liabilities,current_assets=10557000000;inventory=1575000000;current_liabilities=1329000000,Historical ratio series computed from canonical annual values.,derived,true,
NVDA,2019-01-27,historical,de,Debt-to-Equity,0.21280239777349605,total_debt / stockholders_equity,total_debt=1988000000;stockholders_equity=9342000000,Historical ratio series computed from canonical annual values.,derived,true,
NVDA,2020-01-26,historical,gross_margin,Gross Margin,0.619893753434695,gross_profit / revenue,gross_profit=6768000000;revenue=10918000000,Historical ratio series computed from canonical annual values.,derived,true,
NVDA,2020-01-26,historical,operating_margin,Operating Margin,0.2606704524638212,operating_income / revenue,operating_income=2846000000;revenue=10918000000,Historical ratio series computed from canonical annual values.,derived,true,
NVDA,2020-01-26,historical,net_margin,Net Margin,0.2560908591317091,net_income / revenue,net_income=2796000000;revenue=10918000000,Historical ratio series computed from canonical annual values.,derived,true,
NVDA,2020-01-26,historical,current_ratio,Current Ratio,7.673766816143497,current_assets / current_liabilities,current_assets=13690000000;current_liabilities=1784000000,Historical ratio series computed from canonical annual values.,derived,true,
NVDA,2020-01-26,historical,quick_ratio,Quick Ratio,7.125,(current_assets - inventory) / current_liabilities,current_assets=13690000000;inventory=979000000;current_liabilities=1784000000,Historical ratio series computed from canonical annual values.,derived,true,
NVDA,2020-01-26,historical,de,Debt-to-Equity,0.16314323172730252,total_debt / stockholders_equity,total_debt=1991000000;stockholders_equity=12204000000,Historical ratio series computed from canonical annual values.,derived,true,
NVDA,2021-01-31,historical,gross_margin,Gross Margin,0.623448275862069,gross_profit / revenue,gross_profit=10396000000;revenue=16675000000,Historical ratio series computed from canonical annual values.,derived,true,
NVDA,2021-01-31,historical,operating_margin,Operating Margin,0.271784107946027,operating_income / revenue,operating_income=4532000000;revenue=16675000000,Historical ratio series computed from canonical annual values.,derived,true,
NVDA,2021-01-31,historical,net_margin,Net Margin,0.25979010494752625,net_income / revenue,net_income=4332000000;revenue=16675000000,Historical ratio series computed from canonical annual values.,derived,true,
NVDA,2021-01-31,historical,roe,Return on Equity,0.29776265594391177,net_income / equity_basis,net_income=4332000000;equity_basis=14548500000,Historical ratio series computed from canonical annual values.,derived,true,
NVDA,2021-01-31,historical,roa,Return on Assets,0.18791480501453173,net_income / asset_basis,net_income=4332000000;asset_basis=23053000000,Historical ratio series computed from canonical annual values.,derived,true,
NVDA,2021-01-31,historical,current_ratio,Current Ratio,4.090445859872611,current_assets / current_liabilities,current_assets=16055000000;current_liabilities=3925000000,Historical ratio series computed from canonical annual values.,derived,true,
NVDA,2021-01-31,historical,quick_ratio,Quick Ratio,3.6252229299363057,(current_assets - inventory) / current_liabilities,current_assets=16055000000;inventory=1826000000;current_liabilities=3925000000,Historical ratio series computed from canonical annual values.,derived,true,
NVDA,2021-01-31,historical,de,Debt-to-Equity,0.4713194814420174,total_debt / stockholders_equity,total_debt=7962000000;stockholders_equity=16893000000,Historical ratio series computed from canonical annual values.,derived,true,
NVDA,2021-01-31,historical,asset_turnover,Asset Turnover,0.7233331887389928,revenue / asset_basis,revenue=16675000000;asset_basis=23053000000,Historical ratio series computed from canonical annual values.,derived,true,
NVDA,2022-01-30,historical,gross_margin,Gross Margin,0.6492903321691313,gross_profit / revenue,gross_profit=17475000000;revenue=26914000000,Historical ratio series computed from canonical annual values.,derived,true,
NVDA,2022-01-30,historical,operating_margin,Operating Margin,0.3730772088875678,operating_income / revenue,operating_income=10041000000;revenue=26914000000,Historical ratio series computed from canonical annual values.,derived,true,
NVDA,2022-01-30,historical,net_margin,Net Margin,0.3623393029649996,net_income / revenue,net_income=9752000000;revenue=26914000000,Historical ratio series computed from canonical annual values.,derived,true,
NVDA,2022-01-30,historical,roe,Return on Equity,0.4483162854844271,net_income / equity_basis,net_income=9752000000;equity_basis=21752500000,Historical ratio series computed from canonical annual values.,derived,true,
NVDA,2022-01-30,historical,roa,Return on Assets,0.2672586258872537,net_income / asset_basis,net_income=9752000000;asset_basis=36489000000,Historical ratio series computed from canonical annual values.,derived,true,
NVDA,2022-01-30,historical,current_ratio,Current Ratio,6.650288350634371,current_assets / current_liabilities,current_assets=28829000000;current_liabilities=4335000000,Historical ratio series computed from canonical annual values.,derived,true,
NVDA,2022-01-30,historical,quick_ratio,Quick Ratio,6.049365628604383,(current_assets - inventory) / current_liabilities,current_assets=28829000000;inventory=2605000000;current_liabilities=4335000000,Historical ratio series computed from canonical annual values.,derived,true,
NVDA,2022-01-30,historical,de,Debt-to-Equity,0.41131820231474525,total_debt / stockholders_equity,total_debt=10946000000;stockholders_equity=26612000000,Historical ratio series computed from canonical annual values.,derived,true,
NVDA,2022-01-30,historical,asset_turnover,Asset Turnover,0.7375921510592234,revenue / asset_basis,revenue=26914000000;asset_basis=36489000000,Historical ratio series computed from canonical annual values.,derived,true,
NVDA,2023-01-29,historical,gross_margin,Gross Margin,0.5692889449099132,gross_profit / revenue,gross_profit=15356000000;revenue=26974000000,Historical ratio series computed from canonical annual values.,derived,true,
NVDA,2023-01-29,historical,operating_margin,Operating Margin,0.1565952398606065,operating_income / revenue,operating_income=4224000000;revenue=26974000000,Historical ratio series computed from canonical annual values.,derived,true,
NVDA,2023-01-29,historical,net_margin,Net Margin,0.16193371394676356,net_income / revenue,net_income=4368000000;revenue=26974000000,Historical ratio series computed from canonical annual values.,derived,true,
NVDA,2023-01-29,historical,roe,Return on Equity,0.17933611151027445,net_income / equity_basis,net_income=4368000000;equity_basis=24356500000,Historical ratio series computed from canonical annual values.,derived,true,
NVDA,2023-01-29,historical,roa,Return on Assets,0.10233222832644168,net_income / asset_basis,net_income=4368000000;asset_basis=42684500000,Historical ratio series computed from canonical annual values.,derived,true,
NVDA,2023-01-29,historical,current_ratio,Current Ratio,3.515617857687033,current_assets / current_liabilities,current_assets=23073000000;current_liabilities=6563000000,Historical ratio series computed from canonical annual values.,derived,true,
NVDA,2023-01-29,historical,quick_ratio,Quick Ratio,2.7295444156635686,(current_assets - inventory) / current_liabilities,current_assets=23073000000;inventory=5159000000;current_liabilities=6563000000,Historical ratio series computed from canonical annual values.,derived,true,
NVDA,2023-01-29,historical,de,Debt-to-Equity,0.5521469616759422,total_debt / stockholders_equity,total_debt=12203000000;stockholders_equity=22101000000,Historical ratio series computed from canonical annual values.,derived,true,
NVDA,2023-01-29,historical,asset_turnover,Asset Turnover,0.6319389942484976,revenue / asset_basis,revenue=26974000000;asset_basis=42684500000,Historical ratio series computed from canonical annual values.,derived,true,
NVDA,2024-01-28,historical,gross_margin,Gross Margin,0.7271757329043695,gross_profit / revenue,gross_profit=44301000000;revenue=60922000000,Historical ratio series computed from canonical annual values.,derived,true,
NVDA,2024-01-28,historical,operating_margin,Operating Margin,0.5412166376678376,operating_income / revenue,operating_income=32972000000;revenue=60922000000,Historical ratio series computed from canonical annual values.,derived,true,
NVDA,2024-01-28,historical,net_margin,Net Margin,0.4884934834706674,net_income / revenue,net_income=29760000000;revenue=60922000000,Historical ratio series computed from canonical annual values.,derived,true,
NVDA,2024-01-28,historical,roe,Return on Equity,0.9145807403309824,net_income / equity_basis,net_income=29760000000;equity_basis=32539500000,Historical ratio series computed from canonical annual values.,derived,true,
NVDA,2024-01-28,historical,roa,Return on Assets,0.5567299597792535,net_income / asset_basis,net_income=29760000000;asset_basis=53455000000,Historical ratio series computed from canonical annual values.,derived,true,
NVDA,2024-01-28,historical,current_ratio,Current Ratio,4.171291505973097,current_assets / current_liabilities,current_assets=44345000000;current_liabilities=10631000000,Historical ratio series computed from canonical annual values.,derived,true,
NVDA,2024-01-28,historical,quick_ratio,Quick Ratio,3.6744426676700215,(current_assets - inventory) / current_liabilities,current_assets=44345000000;inventory=5282000000;current_liabilities=10631000000,Historical ratio series computed from canonical annual values.,derived,true,
NVDA,2024-01-28,historical,de,Debt-to-Equity,0.25499092558983666,total_debt / stockholders_equity,total_debt=10959000000;stockholders_equity=42978000000,Historical ratio series computed from canonical annual values.,derived,true,
NVDA,2024-01-28,historical,asset_turnover,Asset Turnover,1.1396875876905808,revenue / asset_basis,revenue=60922000000;asset_basis=53455000000,Historical ratio series computed from canonical annual values.,derived,true,
NVDA,2025-01-26,prior,gross_margin,Gross Margin,0.7498869705816992,gross_profit / revenue,gross_profit=97858000000;revenue=130497000000,,derived,true,
NVDA,2025-01-26,prior,operating_margin,Operating Margin,0.6241752683969747,operating_income / revenue,operating_income=81453000000;revenue=130497000000,,derived,true,
NVDA,2025-01-26,prior,net_margin,Net Margin,0.5584802715771244,net_income / revenue,net_income=72880000000;revenue=130497000000,,derived,true,
NVDA,2025-01-26,prior,roe,Return on Equity,1.1917746617063898,net_income / equity_basis,net_income=72880000000;equity_basis=61152500000,Average-balance return policy applied without substituting ending-balance fallbacks.,derived,true,
NVDA,2025-01-26,prior,roa,Return on Assets,0.8219749730726502,net_income / asset_basis,net_income=72880000000;asset_basis=88664500000,Average-balance return policy applied without substituting ending-balance fallbacks.,derived,true,
NVDA,2025-01-26,prior,current_ratio,Current Ratio,4.439851498864077,current_assets / current_liabilities,current_assets=80126000000;current_liabilities=18047000000,,derived,true,
NVDA,2025-01-26,prior,quick_ratio,Quick Ratio,3.8813099130049316,(current_assets - inventory) / current_liabilities,current_assets=80126000000;inventory=10080000000;current_liabilities=18047000000,Quick ratio excludes reported inventory from current assets.,derived,true,
NVDA,2025-01-26,prior,de,Debt-to-Equity,0.10668498745698186,total_debt / stockholders_equity,total_debt=8463000000;stockholders_equity=79327000000,,derived,true,
NVDA,2025-01-26,prior,asset_turnover,Asset Turnover,1.4718066418916251,revenue / asset_basis,revenue=130497000000;asset_basis=88664500000,Average-balance efficiency policy applied without ending-balance fallback.,derived,true,
NVDA,2026-01-25,snapshot,gross_margin,Gross Margin,0.7106808435754708,gross_profit / revenue,gross_profit=153463000000;revenue=215938000000,,derived,true,
NVDA,2026-01-25,snapshot,operating_margin,Operating Margin,0.6038168363141272,operating_income / revenue,operating_income=130387000000;revenue=215938000000,,derived,true,
NVDA,2026-01-25,snapshot,net_margin,Net Margin,0.5560253406070261,net_income / revenue,net_income=120067000000;revenue=215938000000,,derived,true,
NVDA,2026-01-25,snapshot,roe,Return on Equity,1.014850815653791,net_income / equity_basis,net_income=120067000000;equity_basis=118310000000,Average-balance return policy applied without substituting ending-balance fallbacks.,derived,true,
NVDA,2026-01-25,snapshot,roa,Return on Assets,0.7541802238665344,net_income / asset_basis,net_income=120067000000;asset_basis=159202000000,Average-balance return policy applied without substituting ending-balance fallbacks.,derived,true,
NVDA,2026-01-25,snapshot,current_ratio,Current Ratio,3.905263812455306,current_assets / current_liabilities,current_assets=125605000000;current_liabilities=32163000000,,derived,true,
NVDA,2026-01-25,snapshot,quick_ratio,Quick Ratio,3.239809719242608,(current_assets - inventory) / current_liabilities,current_assets=125605000000;inventory=21403000000;current_liabilities=32163000000,Quick ratio excludes reported inventory from current assets.,derived,true,
NVDA,2026-01-25,snapshot,de,Debt-to-Equity,0.06018703947410247,total_debt / stockholders_equity,total_debt=9467000000;stockholders_equity=157293000000,,derived,true,
NVDA,2026-01-25,snapshot,asset_turnover,Asset Turnover,1.356377432444316,revenue / asset_basis,revenue=215938000000;asset_basis=159202000000,Average-balance efficiency policy applied without ending-balance fallback.,derived,true,
